task,model,test_cell,epoch,train_huber,val_mae,val_rmse,learning_rate
soh,mission_phase_transformer,VAH01,1,0.015876341568006644,1.9438308477401733,3.6905179023742676,0.002
soh,mission_phase_transformer,VAH01,2,0.007932107454059234,1.4437949657440186,2.896371364593506,0.002
soh,mission_phase_transformer,VAH01,3,0.006580165249856357,1.7980304956436157,3.5392637252807617,0.002
soh,mission_phase_transformer,VAH01,4,0.006104514592806796,1.4028886556625366,2.6981089115142822,0.002
soh,mission_phase_transformer,VAH01,5,0.005776395565736277,1.5333908796310425,2.8152217864990234,0.002
soh,mission_phase_transformer,VAH01,6,0.006148721151084357,1.6835017204284668,2.540166139602661,0.002
soh,mission_phase_transformer,VAH01,7,0.0049453038774298795,1.5409077405929565,2.5490047931671143,0.002
soh,mission_phase_transformer,VAH01,8,0.00547032542488657,1.6794471740722656,2.456679344177246,0.001
soh,mission_phase_transformer,VAH01,9,0.003953453909595591,1.2099496126174927,1.998435378074646,0.001
soh,mission_phase_transformer,VAH01,10,0.003979183201188328,1.2681692838668823,1.9901329278945923,0.001
soh,mission_phase_transformer,VAH01,11,0.003946505200209182,1.309728980064392,1.9817007780075073,0.001
soh,mission_phase_transformer,VAH01,12,0.004021918239980449,1.3837529420852661,2.0346999168395996,0.001
soh,mission_phase_transformer,VAH01,13,0.004022106222493691,1.4234492778778076,2.021631956100464,0.0005
soh,mission_phase_transformer,VAH01,14,0.0034797479676422776,1.2560666799545288,1.8724855184555054,0.0005
soh,mission_phase_transformer,VAH01,15,0.0033650923899707337,1.1823582649230957,1.81985604763031,0.0005
soh,mission_phase_transformer,VAH01,16,0.0034813023177394263,1.2797073125839233,1.8535852432250977,0.0005
soh,mission_phase_transformer,VAH01,17,0.0036952090925443156,1.3460206985473633,1.8678425550460815,0.0005
soh,mission_phase_transformer,VAH01,18,0.0034084805523423474,1.300431251525879,1.8359462022781372,0.0005
soh,mission_phase_transformer,VAH01,19,0.0036843820412869105,1.2927957773208618,1.8233917951583862,0.00025
soh,mission_phase_transformer,VAH01,20,0.0033529848031628603,1.2001811265945435,1.7544275522232056,0.00025
soh,mission_phase_transformer,VAH01,21,0.0033566395292814813,1.229729413986206,1.77167546749115,0.00025
soh,mission_phase_transformer,VAH01,22,0.0032024647715712114,1.2193822860717773,1.747347116470337,0.00025
soh,mission_phase_transformer,VAH01,23,0.0033078100405410137,1.201114296913147,1.7149940729141235,0.000125
soh,mission_phase_transformer,VAH02,1,0.020492902932208224,1.762378215789795,2.312021493911743,0.002
soh,mission_phase_transformer,VAH02,2,0.007715088907431693,1.466997504234314,1.9214354753494263,0.002
soh,mission_phase_transformer,VAH02,3,0.007327306359673504,1.4545336961746216,1.8650845289230347,0.002
soh,mission_phase_transformer,VAH02,4,0.0061955755464780035,1.7068164348602295,2.3033204078674316,0.002
soh,mission_phase_transformer,VAH02,5,0.005856791584672439,1.2387558221817017,1.5833367109298706,0.002
soh,mission_phase_transformer,VAH02,6,0.005837204764815596,1.9900527000427246,2.523980140686035,0.002
soh,mission_phase_transformer,VAH02,7,0.00506160200543304,1.414014220237732,1.8391187191009521,0.002
soh,mission_phase_transformer,VAH02,8,0.005050958163647449,1.4775354862213135,1.8325096368789673,0.002
soh,mission_phase_transformer,VAH02,9,0.004869737045792556,1.584027647972107,1.846940279006958,0.001
soh,mission_phase_transformer,VAH02,10,0.004420888264221686,1.6367112398147583,2.0859358310699463,0.001
soh,mission_phase_transformer,VAH02,11,0.004117592980777205,1.4402450323104858,1.8193020820617676,0.001
soh,mission_phase_transformer,VAH02,12,0.004338982696865956,1.6109769344329834,2.0158324241638184,0.001
soh,mission_phase_transformer,VAH02,13,0.0037051697343599985,1.6304181814193726,2.0022220611572266,0.0005
soh,mission_phase_transformer,VAH05,1,0.018716080851511302,0.7914285659790039,1.300111174583435,0.002
soh,mission_phase_transformer,VAH05,2,0.007171384969073423,0.8936344385147095,1.078587532043457,0.002
soh,mission_phase_transformer,VAH05,3,0.007027478185881485,0.736542820930481,1.143081545829773,0.002
soh,mission_phase_transformer,VAH05,4,0.006745908133515789,0.9566327333450317,1.1964232921600342,0.002
soh,mission_phase_transformer,VAH05,5,0.005929832428355834,1.0033272504806519,1.4268275499343872,0.002
soh,mission_phase_transformer,VAH05,6,0.005820440581417632,0.9059045910835266,1.0930266380310059,0.002
soh,mission_phase_transformer,VAH05,7,0.004795881968346973,0.8968936204910278,1.0814896821975708,0.001
soh,mission_phase_transformer,VAH05,8,0.0041573574259693115,0.9956498146057129,1.1919130086898804,0.001
soh,mission_phase_transformer,VAH05,9,0.003979679738101535,0.8826917409896851,1.0569214820861816,0.001
soh,mission_phase_transformer,VAH05,10,0.004042260863803026,0.903764545917511,1.0873897075653076,0.001
soh,mission_phase_transformer,VAH05,11,0.003955925246635018,0.8923414945602417,1.0807925462722778,0.0005
soh,mission_phase_transformer,VAH10,1,0.019609707706780187,1.03209388256073,1.387922763824463,0.002
soh,mission_phase_transformer,VAH10,2,0.0072508425428802195,0.9191562533378601,1.3190772533416748,0.002
soh,mission_phase_transformer,VAH10,3,0.006342844451162227,1.1466388702392578,1.5181313753128052,0.002
soh,mission_phase_transformer,VAH10,4,0.005648328582712092,1.0989407300949097,1.386298418045044,0.002
soh,mission_phase_transformer,VAH10,5,0.005415304207569083,0.9083831310272217,1.3306180238723755,0.002
soh,mission_phase_transformer,VAH10,6,0.005675463214790156,0.8799604177474976,1.2288540601730347,0.002
soh,mission_phase_transformer,VAH10,7,0.005081316306903337,1.0974773168563843,1.444532871246338,0.002
soh,mission_phase_transformer,VAH10,8,0.005140665116971559,1.1516939401626587,1.5067716836929321,0.002
soh,mission_phase_transformer,VAH10,9,0.004675617142036965,1.0433684587478638,1.4229326248168945,0.002
soh,mission_phase_transformer,VAH10,10,0.0048910451618014725,0.8355134725570679,1.263561487197876,0.002
soh,mission_phase_transformer,VAH10,11,0.004866591951576477,1.2863459587097168,1.59419584274292,0.002
soh,mission_phase_transformer,VAH10,12,0.004814073393716398,1.053664207458496,1.5265883207321167,0.002
soh,mission_phase_transformer,VAH10,13,0.004130140614477513,1.0715186595916748,1.5685616731643677,0.002
soh,mission_phase_transformer,VAH10,14,0.0052179396434384115,0.9978389739990234,1.5541186332702637,0.001
soh,mission_phase_transformer,VAH10,15,0.0036419096587834688,1.074689507484436,1.545626163482666,0.001
soh,mission_phase_transformer,VAH10,16,0.00344864316299916,1.0647691488265991,1.6491830348968506,0.001
soh,mission_phase_transformer,VAH10,17,0.0036206667650662237,1.1189181804656982,1.619529366493225,0.001
soh,mission_phase_transformer,VAH10,18,0.0035079796986796107,1.1212053298950195,1.656166672706604,0.0005
soh,mission_phase_transformer,VAH11,1,0.01985266492407278,2.186594247817993,4.197009086608887,0.002
soh,mission_phase_transformer,VAH11,2,0.007069545388014994,2.248897075653076,4.080713748931885,0.002
soh,mission_phase_transformer,VAH11,3,0.006489818012391791,2.0219786167144775,4.150492191314697,0.002
soh,mission_phase_transformer,VAH11,4,0.006059252394445808,1.8690354824066162,3.8280065059661865,0.002
soh,mission_phase_transformer,VAH11,5,0.005143020396297719,1.9231327772140503,3.6390655040740967,0.002
soh,mission_phase_transformer,VAH11,6,0.005241951884428698,2.2144618034362793,3.966285467147827,0.002
soh,mission_phase_transformer,VAH11,7,0.005051869010550486,1.8514230251312256,3.5410523414611816,0.002
soh,mission_phase_transformer,VAH11,8,0.004678945902717649,1.9284340143203735,3.512364387512207,0.002
soh,mission_phase_transformer,VAH11,9,0.004484819710902854,1.8554641008377075,3.501962423324585,0.002
soh,mission_phase_transformer,VAH11,10,0.0050005698161981645,2.0512492656707764,3.5690102577209473,0.002
soh,mission_phase_transformer,VAH11,11,0.0045372447645124015,1.9559603929519653,3.3729090690612793,0.001
soh,mission_phase_transformer,VAH11,12,0.004147188619678705,1.7908965349197388,3.290722608566284,0.001
soh,mission_phase_transformer,VAH11,13,0.0036957364659146257,1.7503427267074585,3.3264806270599365,0.001
soh,mission_phase_transformer,VAH11,14,0.003580401181048878,1.774843454360962,3.218184232711792,0.001
soh,mission_phase_transformer,VAH11,15,0.003796137738827479,1.6889581680297852,3.14467716217041,0.001
soh,mission_phase_transformer,VAH11,16,0.0035788427664112613,1.6507768630981445,3.188843250274658,0.001
soh,mission_phase_transformer,VAH11,17,0.003947708792843004,1.786348581314087,3.209702730178833,0.001
soh,mission_phase_transformer,VAH11,18,0.0036718544873106124,1.9170887470245361,3.2515041828155518,0.001
soh,mission_phase_transformer,VAH11,19,0.0036809847310575097,1.7148126363754272,3.1090755462646484,0.001
soh,mission_phase_transformer,VAH11,20,0.0038567738918171093,1.5943604707717896,3.087266683578491,0.001
soh,mission_phase_transformer,VAH11,21,0.003537873441235875,1.5595122575759888,3.0683517456054688,0.001
soh,mission_phase_transformer,VAH11,22,0.0035178556622799434,1.7113195657730103,3.068718671798706,0.001
soh,mission_phase_transformer,VAH11,23,0.003642750112731884,1.6248596906661987,3.0314722061157227,0.001
soh,mission_phase_transformer,VAH11,24,0.00356623556312216,1.6989644765853882,3.0639219284057617,0.001
soh,mission_phase_transformer,VAH11,25,0.0035164022370811976,1.5310088396072388,2.9143998622894287,0.001
soh,mission_phase_transformer,VAH11,26,0.0035157914279748356,1.6537178754806519,2.9359354972839355,0.001
soh,mission_phase_transformer,VAH11,27,0.0034778049231793612,1.6233991384506226,2.914829730987549,0.001
soh,mission_phase_transformer,VAH11,28,0.0034044175334645337,1.60927414894104,2.9533255100250244,0.001
soh,mission_phase_transformer,VAH11,29,0.0036101998371807025,1.5790365934371948,2.9990999698638916,0.0005
soh,mission_phase_transformer,VAH11,30,0.003198614637464668,1.6843438148498535,2.999845266342163,0.0005
soh,mission_phase_transformer,VAH11,31,0.003099111196959158,1.733403205871582,3.015672445297241,0.0005
soh,mission_phase_transformer,VAH11,32,0.00316634054385557,1.5863685607910156,2.926922082901001,0.0005
soh,mission_phase_transformer,VAH11,33,0.0030682849771663015,1.631351113319397,2.926844596862793,0.00025
soh,mission_phase_transformer,VAH12,1,0.01985266492407278,2.7397515773773193,4.513397216796875,0.002
soh,mission_phase_transformer,VAH12,2,0.007069545388014994,2.518448829650879,4.235820770263672,0.002
soh,mission_phase_transformer,VAH12,3,0.006489818012391791,2.5250041484832764,4.380384922027588,0.002
soh,mission_phase_transformer,VAH12,4,0.006059252394445808,2.534113645553589,4.104101181030273,0.002
soh,mission_phase_transformer,VAH12,5,0.005143020396297719,2.4089581966400146,3.8480207920074463,0.002
soh,mission_phase_transformer,VAH12,6,0.005241951884428698,2.3302464485168457,4.039752960205078,0.002
soh,mission_phase_transformer,VAH12,7,0.005051869010550486,2.388211250305176,3.793457269668579,0.002
soh,mission_phase_transformer,VAH12,8,0.004678945902717649,2.1732897758483887,3.648951530456543,0.002
soh,mission_phase_transformer,VAH12,9,0.004484819710902854,2.2803072929382324,3.6930582523345947,0.002
soh,mission_phase_transformer,VAH12,10,0.0050005698161981645,2.1811234951019287,3.653351068496704,0.002
soh,mission_phase_transformer,VAH12,11,0.0045372447645124015,2.172503709793091,3.506509780883789,0.002
soh,mission_phase_transformer,VAH12,12,0.004767674569870326,2.029815912246704,3.353116512298584,0.002
soh,mission_phase_transformer,VAH12,13,0.004289888188328721,2.2329959869384766,3.477598190307617,0.002
soh,mission_phase_transformer,VAH12,14,0.004369476928232253,2.252767562866211,3.5182342529296875,0.002
soh,mission_phase_transformer,VAH12,15,0.00417864108430128,2.140329360961914,3.3669610023498535,0.002
soh,mission_phase_transformer,VAH12,16,0.004503470438072346,2.1928799152374268,3.4992218017578125,0.001
soh,mission_phase_transformer,VAH12,17,0.004033644617955762,2.056039571762085,3.3679494857788086,0.001
soh,mission_phase_transformer,VAH12,18,0.0035239697639265276,2.0507304668426514,3.3315629959106445,0.001
soh,mission_phase_transformer,VAH12,19,0.0034152944237183015,2.2097513675689697,3.3298768997192383,0.001
soh,mission_phase_transformer,VAH12,20,0.003725937912922187,2.0099828243255615,3.231175422668457,0.001
soh,mission_phase_transformer,VAH12,21,0.0033438663185764127,2.0851938724517822,3.2502589225769043,0.001
soh,mission_phase_transformer,VAH12,22,0.0034857415801564018,1.9534035921096802,3.1400561332702637,0.001
soh,mission_phase_transformer,VAH12,23,0.0036631582590579033,2.0272903442382812,3.1936943531036377,0.001
soh,mission_phase_transformer,VAH12,24,0.0035269679217485883,1.9319008588790894,3.143381118774414,0.001
soh,mission_phase_transformer,VAH12,25,0.0035280735221992878,1.982968807220459,3.0979912281036377,0.001
soh,mission_phase_transformer,VAH12,26,0.0033593354847444414,1.9031988382339478,3.0197103023529053,0.001
soh,mission_phase_transformer,VAH12,27,0.003387944358908668,1.9404466152191162,3.0053625106811523,0.001
soh,mission_phase_transformer,VAH12,28,0.003455052848271244,1.9260690212249756,3.086422920227051,0.001
soh,mission_phase_transformer,VAH12,29,0.0036509828723482796,1.960803508758545,3.1948859691619873,0.001
soh,mission_phase_transformer,VAH12,30,0.0034238484451527464,2.040137529373169,3.130143165588379,0.0005
soh,mission_phase_transformer,VAH12,31,0.0030513101581804885,1.9172290563583374,3.0546891689300537,0.0005
soh,mission_phase_transformer,VAH12,32,0.0031437885929413286,1.9908920526504517,3.072953462600708,0.0005
soh,mission_phase_transformer,VAH12,33,0.0030424372954380814,1.980615258216858,3.0677292346954346,0.0005
soh,mission_phase_transformer,VAH12,34,0.0030344541096736935,1.8962966203689575,2.9939982891082764,0.0005
soh,mission_phase_transformer,VAH12,35,0.0030101084221946747,1.9507814645767212,3.0390517711639404,0.0005
soh,mission_phase_transformer,VAH12,36,0.0031080799851930636,1.9468564987182617,3.0068721771240234,0.0005
soh,mission_phase_transformer,VAH12,37,0.0031946421261389215,1.9217865467071533,2.9735708236694336,0.0005
soh,mission_phase_transformer,VAH12,38,0.003040037547313423,1.9315927028656006,2.9875059127807617,0.00025
soh,mission_phase_transformer,VAH12,39,0.002894463714563648,1.901691198348999,2.9657657146453857,0.00025
soh,mission_phase_transformer,VAH12,40,0.002858410521503529,1.923932671546936,2.984335422515869,0.00025
soh,mission_phase_transformer,VAH12,41,0.0029011443888959706,1.908790946006775,2.9287548065185547,0.00025
soh,mission_phase_transformer,VAH12,42,0.0028003209394978977,1.8950085639953613,2.9531564712524414,0.00025
soh,mission_phase_transformer,VAH12,43,0.0028423915630571427,1.920668363571167,2.9255573749542236,0.00025
soh,mission_phase_transformer,VAH12,44,0.002992834725666694,1.9074156284332275,2.9382846355438232,0.00025
soh,mission_phase_transformer,VAH12,45,0.00291812251241901,1.923559546470642,2.942625045776367,0.00025
soh,mission_phase_transformer,VAH12,46,0.00279898799696273,1.956367015838623,2.9407875537872314,0.000125
soh,mission_phase_transformer,VAH12,47,0.002889209563120556,1.8923641443252563,2.9169788360595703,0.000125
soh,mission_phase_transformer,VAH12,48,0.0026691043546756914,1.914486289024353,2.9146411418914795,0.000125
soh,mission_phase_transformer,VAH12,49,0.002726781178180308,1.9006551504135132,2.9150586128234863,0.000125
soh,mission_phase_transformer,VAH12,50,0.0027701805122476134,1.8800255060195923,2.913750410079956,0.000125
soh,mission_phase_transformer,VAH12,51,0.002792613848717257,1.8711260557174683,2.8940155506134033,0.000125
soh,mission_phase_transformer,VAH12,52,0.002647431078566235,1.9124329090118408,2.9091384410858154,0.000125
soh,mission_phase_transformer,VAH12,53,0.0026627996084739357,1.8736169338226318,2.894188165664673,0.000125
soh,mission_phase_transformer,VAH12,54,0.0025592894040432006,1.8906500339508057,2.8927102088928223,0.000125
soh,mission_phase_transformer,VAH12,55,0.002739342124140779,1.9094740152359009,2.8818302154541016,6.25e-05
soh,mission_phase_transformer,VAH12,56,0.002635162774032866,1.905856728553772,2.9040396213531494,6.25e-05
soh,mission_phase_transformer,VAH12,57,0.002722529391622357,1.916977882385254,2.903351068496704,6.25e-05
soh,mission_phase_transformer,VAH12,58,0.0027156798166005436,1.8885517120361328,2.873824119567871,6.25e-05
soh,mission_phase_transformer,VAH12,59,0.0026577251934232727,1.8823397159576416,2.883390426635742,3.125e-05
soh,mission_phase_transformer,VAH13,1,0.018886105756737492,2.324150562286377,4.480809211730957,0.002
soh,mission_phase_transformer,VAH13,2,0.008332754456145203,2.1104929447174072,4.3555803298950195,0.002
soh,mission_phase_transformer,VAH13,3,0.005756229008704998,2.2052881717681885,4.155660152435303,0.002
soh,mission_phase_transformer,VAH13,4,0.00585366727470844,2.06134295463562,4.275583267211914,0.002
soh,mission_phase_transformer,VAH13,5,0.006389716661266639,2.2342772483825684,4.214517116546631,0.002
soh,mission_phase_transformer,VAH13,6,0.005291679581461881,2.083061456680298,4.3057732582092285,0.002
soh,mission_phase_transformer,VAH13,7,0.004389093276395297,1.975204586982727,3.981437921524048,0.002
soh,mission_phase_transformer,VAH13,8,0.0044449040155373236,1.938811182975769,3.852111577987671,0.002
soh,mission_phase_transformer,VAH13,9,0.004921045653965563,1.8738465309143066,3.914264678955078,0.002
soh,mission_phase_transformer,VAH13,10,0.00413462340399746,1.964011549949646,3.515437364578247,0.002
soh,mission_phase_transformer,VAH13,11,0.00406270890149909,1.7782407999038696,3.5237908363342285,0.002
soh,mission_phase_transformer,VAH13,12,0.004275896377683311,1.8353368043899536,3.3948094844818115,0.002
soh,mission_phase_transformer,VAH13,13,0.004428267644311918,1.6692861318588257,3.234621524810791,0.002
soh,mission_phase_transformer,VAH13,14,0.004614599438477756,1.658922791481018,3.176565408706665,0.002
soh,mission_phase_transformer,VAH13,15,0.0039359039168084435,1.4529691934585571,2.7653908729553223,0.002
soh,mission_phase_transformer,VAH13,16,0.004266501977047527,1.6082791090011597,2.744044303894043,0.002
soh,mission_phase_transformer,VAH13,17,0.0037533420228437154,1.8522826433181763,2.9753823280334473,0.002
soh,mission_phase_transformer,VAH13,18,0.003970756261505017,1.5077564716339111,2.7987849712371826,0.002
soh,mission_phase_transformer,VAH13,19,0.0038153570241833855,1.493820309638977,2.620582342147827,0.001
soh,mission_phase_transformer,VAH13,20,0.003212244628851045,1.4619351625442505,2.5989081859588623,0.001
soh,mission_phase_transformer,VAH13,21,0.0031106637004655207,1.4867687225341797,2.569901466369629,0.001
soh,mission_phase_transformer,VAH13,22,0.003064549462042918,1.546140193939209,2.5680184364318848,0.001
soh,mission_phase_transformer,VAH13,23,0.0033124142242448133,1.4660999774932861,2.614964008331299,0.0005
soh,mission_phase_transformer,VAH15,1,0.020176498939256333,1.9509243965148926,2.387540817260742,0.002
soh,mission_phase_transformer,VAH15,2,0.008518120659656427,1.435180902481079,1.7696627378463745,0.002
soh,mission_phase_transformer,VAH15,3,0.007361062808620658,1.6944915056228638,2.1632354259490967,0.002
soh,mission_phase_transformer,VAH15,4,0.007075026199423991,1.9298677444458008,2.417907953262329,0.002
soh,mission_phase_transformer,VAH15,5,0.005603587114340223,2.2866690158843994,2.7235820293426514,0.002
soh,mission_phase_transformer,VAH15,6,0.00670693628146425,1.9529544115066528,2.313976526260376,0.001
soh,mission_phase_transformer,VAH15,7,0.004463859408404266,2.0101990699768066,2.3544437885284424,0.001
soh,mission_phase_transformer,VAH15,8,0.004920993418458382,2.0576796531677246,2.443547248840332,0.001
soh,mission_phase_transformer,VAH15,9,0.00442322279875667,1.7185524702072144,2.0833983421325684,0.001
soh,mission_phase_transformer,VAH15,10,0.004454941572190471,1.8417744636535645,2.1942098140716553,0.0005
soh,mission_phase_transformer,VAH16,1,0.020176498939256333,1.901710033416748,2.3688039779663086,0.002
soh,mission_phase_transformer,VAH16,2,0.008518120659656427,1.3636524677276611,1.729978322982788,0.002
soh,mission_phase_transformer,VAH16,3,0.007361062808620658,1.6866776943206787,2.1635310649871826,0.002
soh,mission_phase_transformer,VAH16,4,0.007075026199423991,1.9270143508911133,2.4174602031707764,0.002
soh,mission_phase_transformer,VAH16,5,0.005603587114340223,2.1863293647766113,2.6786346435546875,0.002
soh,mission_phase_transformer,VAH16,6,0.00670693628146425,1.8639698028564453,2.281144380569458,0.001
soh,mission_phase_transformer,VAH16,7,0.004463859408404266,1.91014564037323,2.315640449523926,0.001
soh,mission_phase_transformer,VAH16,8,0.004920993418458382,1.9810184240341187,2.419426202774048,0.001
soh,mission_phase_transformer,VAH16,9,0.00442322279875667,1.6824090480804443,2.0707473754882812,0.001
soh,mission_phase_transformer,VAH16,10,0.004454941572190471,1.7580323219299316,2.162332534790039,0.0005
soh,mission_phase_transformer,VAH17,1,0.01746001480787502,2.6994848251342773,4.801097869873047,0.002
soh,mission_phase_transformer,VAH17,2,0.007767403589603584,3.0540995597839355,5.082325458526611,0.002
soh,mission_phase_transformer,VAH17,3,0.005608223556330654,2.6538772583007812,4.598394393920898,0.002
soh,mission_phase_transformer,VAH17,4,0.005700240517697904,2.7149648666381836,4.679017543792725,0.002
soh,mission_phase_transformer,VAH17,5,0.0054436569575794964,2.672616481781006,4.44516134262085,0.002
soh,mission_phase_transformer,VAH17,6,0.004782534860852924,2.3903770446777344,4.200531005859375,0.002
soh,mission_phase_transformer,VAH17,7,0.005144381643486383,2.4903831481933594,4.341602325439453,0.002
soh,mission_phase_transformer,VAH17,8,0.0053748947569914685,2.479454517364502,4.251073837280273,0.002
soh,mission_phase_transformer,VAH17,9,0.004736167717918123,2.76792049407959,4.3896684646606445,0.002
soh,mission_phase_transformer,VAH17,10,0.005079631445019725,2.5892539024353027,4.314601421356201,0.001
soh,mission_phase_transformer,VAH17,11,0.003756181377823941,2.519510507583618,4.136886119842529,0.001
soh,mission_phase_transformer,VAH17,12,0.0038005822604632467,2.374298095703125,4.052307605743408,0.001
soh,mission_phase_transformer,VAH17,13,0.0036362599951038532,2.621351480484009,4.176615238189697,0.001
soh,mission_phase_transformer,VAH17,14,0.003835055440136305,2.46140193939209,3.9378881454467773,0.001
soh,mission_phase_transformer,VAH17,15,0.0037209388591869126,2.336512804031372,3.842783212661743,0.001
soh,mission_phase_transformer,VAH17,16,0.0038201971657261633,2.4649221897125244,3.9437308311462402,0.001
soh,mission_phase_transformer,VAH17,17,0.0038022231847016823,2.502096652984619,3.9471781253814697,0.001
soh,mission_phase_transformer,VAH17,18,0.0038463428353927988,2.453597068786621,3.825094699859619,0.001
soh,mission_phase_transformer,VAH17,19,0.0035420912466058497,2.4187803268432617,3.80208420753479,0.0005
soh,mission_phase_transformer,VAH17,20,0.003181428908731609,2.3475334644317627,3.6736488342285156,0.0005
soh,mission_phase_transformer,VAH17,21,0.003128169912307168,2.3775041103363037,3.6861751079559326,0.0005
soh,mission_phase_transformer,VAH17,22,0.003212704491122572,2.5634799003601074,3.736297607421875,0.0005
soh,mission_phase_transformer,VAH17,23,0.003216733521422764,2.452739715576172,3.6470324993133545,0.00025
soh,mission_phase_transformer,VAH20,1,0.019014663201647186,2.049865961074829,2.6786036491394043,0.002
soh,mission_phase_transformer,VAH20,2,0.00838840988188517,1.9634485244750977,3.081029176712036,0.002
soh,mission_phase_transformer,VAH20,3,0.005935400591174141,1.7002966403961182,2.855602741241455,0.002
soh,mission_phase_transformer,VAH20,4,0.006346587983137982,1.9724674224853516,3.847383737564087,0.002
soh,mission_phase_transformer,VAH20,5,0.006130296812922655,2.238738775253296,3.418088436126709,0.002
soh,mission_phase_transformer,VAH20,6,0.005772384527154685,2.195594072341919,3.19328236579895,0.002
soh,mission_phase_transformer,VAH20,7,0.005333936529765114,2.1883835792541504,3.2587051391601562,0.001
soh,mission_phase_transformer,VAH20,8,0.004492532263361845,1.8940353393554688,2.791665554046631,0.001
soh,mission_phase_transformer,VAH20,9,0.004423906335560821,2.1246047019958496,2.8296806812286377,0.001
soh,mission_phase_transformer,VAH20,10,0.00450351155735788,2.019751787185669,2.611567497253418,0.001
soh,mission_phase_transformer,VAH20,11,0.004043697094319303,1.863608717918396,2.2775628566741943,0.0005
soh,mission_phase_transformer,VAH22,1,0.018019797233579653,1.968783974647522,2.347503662109375,0.002
soh,mission_phase_transformer,VAH22,2,0.00796072934603098,1.6929844617843628,2.0520131587982178,0.002
soh,mission_phase_transformer,VAH22,3,0.006748134249676379,1.8252915143966675,2.180903673171997,0.002
soh,mission_phase_transformer,VAH22,4,0.006208967934012378,1.9066050052642822,2.3065338134765625,0.002
soh,mission_phase_transformer,VAH22,5,0.005643759432985193,1.9702396392822266,2.3282082080841064,0.002
soh,mission_phase_transformer,VAH22,6,0.0056671599243446865,2.0660252571105957,2.4870052337646484,0.001
soh,mission_phase_transformer,VAH22,7,0.0049601365408851635,1.9271646738052368,2.313115119934082,0.001
soh,mission_phase_transformer,VAH22,8,0.0042302128122130135,1.936350703239441,2.284013509750366,0.001
soh,mission_phase_transformer,VAH22,9,0.004336448725045272,1.6773455142974854,2.038201332092285,0.001
soh,mission_phase_transformer,VAH22,10,0.0041000805364552655,2.01475191116333,2.378338575363159,0.001
soh,mission_phase_transformer,VAH22,11,0.004456595262785707,2.0155861377716064,2.337695360183716,0.001
soh,mission_phase_transformer,VAH22,12,0.004497653198290007,2.063915252685547,2.417748212814331,0.001
soh,mission_phase_transformer,VAH22,13,0.003952659585114862,1.894417405128479,2.2605020999908447,0.0005
soh,mission_phase_transformer,VAH22,14,0.003745394901346646,1.9368066787719727,2.3435845375061035,0.0005
soh,mission_phase_transformer,VAH22,15,0.0036281408732348587,1.9684498310089111,2.345510721206665,0.0005
soh,mission_phase_transformer,VAH22,16,0.0037906136174153788,2.0095996856689453,2.3758339881896973,0.0005
soh,mission_phase_transformer,VAH22,17,0.00361955635994704,1.8751696348190308,2.2371275424957275,0.00025
soh,mission_phase_transformer,VAH23,1,0.020492902932208224,1.5729764699935913,2.042147159576416,0.002
soh,mission_phase_transformer,VAH23,2,0.007715088907431693,1.2853832244873047,1.648153305053711,0.002
soh,mission_phase_transformer,VAH23,3,0.007327306359673504,1.3001788854599,1.6455897092819214,0.002
soh,mission_phase_transformer,VAH23,4,0.0061955755464780035,1.6098467111587524,2.1658132076263428,0.002
soh,mission_phase_transformer,VAH23,5,0.005856791584672439,1.0385336875915527,1.2829564809799194,0.002
soh,mission_phase_transformer,VAH23,6,0.005837204764815596,1.9020136594772339,2.4296770095825195,0.002
soh,mission_phase_transformer,VAH23,7,0.00506160200543304,1.314435362815857,1.7338862419128418,0.002
soh,mission_phase_transformer,VAH23,8,0.005050958163647449,1.402552604675293,1.74830162525177,0.002
soh,mission_phase_transformer,VAH23,9,0.004869737045792556,1.6307352781295776,1.8751471042633057,0.001
soh,mission_phase_transformer,VAH23,10,0.004420888264221686,1.5649774074554443,2.0276851654052734,0.001
soh,mission_phase_transformer,VAH23,11,0.004117592980777205,1.3888839483261108,1.7662549018859863,0.001
soh,mission_phase_transformer,VAH23,12,0.004338982696865956,1.5221189260482788,1.947392463684082,0.001
soh,mission_phase_transformer,VAH23,13,0.0037051697343599985,1.493296504020691,1.8913218975067139,0.0005
soh,mission_phase_transformer,VAH24,1,0.019582366784543163,1.6999926567077637,2.774732828140259,0.002
soh,mission_phase_transformer,VAH24,2,0.008507145429255208,1.5073004961013794,1.9212121963500977,0.002
soh,mission_phase_transformer,VAH24,3,0.0064194709002062846,1.6501268148422241,2.27994966506958,0.002
soh,mission_phase_transformer,VAH24,4,0.006656236100579448,1.4479374885559082,1.7811074256896973,0.002
soh,mission_phase_transformer,VAH24,5,0.005968028522469135,1.933882236480713,2.4926676750183105,0.002
soh,mission_phase_transformer,VAH24,6,0.005232085233993638,1.9715793132781982,2.5914337635040283,0.002
soh,mission_phase_transformer,VAH24,7,0.004871550170469779,2.064624786376953,2.681462287902832,0.002
soh,mission_phase_transformer,VAH24,8,0.00534192506450724,1.9284850358963013,2.7786850929260254,0.001
soh,mission_phase_transformer,VAH24,9,0.004571461636045045,2.139397382736206,2.8506741523742676,0.001
soh,mission_phase_transformer,VAH24,10,0.0038575407577618047,2.1276040077209473,2.9174935817718506,0.001
soh,mission_phase_transformer,VAH24,11,0.004211935535237915,2.0590920448303223,2.8179521560668945,0.001
soh,mission_phase_transformer,VAH24,12,0.003879572091110961,2.3972506523132324,3.292854070663452,0.0005
soh,mission_phase_transformer,VAH25,1,0.01898286832455156,1.6752549409866333,2.1503286361694336,0.002
soh,mission_phase_transformer,VAH25,2,0.008165810475855446,1.7074462175369263,2.115272283554077,0.002
soh,mission_phase_transformer,VAH25,3,0.008519549979447667,2.109469413757324,2.7168869972229004,0.002
soh,mission_phase_transformer,VAH25,4,0.006080801901366716,1.9981383085250854,2.580767869949341,0.002
soh,mission_phase_transformer,VAH25,5,0.0062416116943026295,1.8478114604949951,2.281785011291504,0.001
soh,mission_phase_transformer,VAH25,6,0.004911690597677705,1.7647795677185059,2.303617238998413,0.001
soh,mission_phase_transformer,VAH25,7,0.004997181865225937,1.9109570980072021,2.4250717163085938,0.001
soh,mission_phase_transformer,VAH25,8,0.00468626220673951,1.5589925050735474,2.0110771656036377,0.001
soh,mission_phase_transformer,VAH25,9,0.004625348722297968,1.8978185653686523,2.4426674842834473,0.001
soh,mission_phase_transformer,VAH25,10,0.004558885735813819,1.846379041671753,2.334702253341675,0.001
soh,mission_phase_transformer,VAH25,11,0.004620074374521775,1.6903482675552368,2.1587576866149902,0.001
soh,mission_phase_transformer,VAH25,12,0.004678462731201813,1.724865198135376,2.175034999847412,0.0005
soh,mission_phase_transformer,VAH25,13,0.003978818932303535,1.6059273481369019,2.0326781272888184,0.0005
soh,mission_phase_transformer,VAH25,14,0.0038949872673533243,1.5462802648544312,1.9717272520065308,0.0005
soh,mission_phase_transformer,VAH25,15,0.0038671443235199724,1.6295177936553955,2.017738103866577,0.0005
soh,mission_phase_transformer,VAH25,16,0.00412145644692127,1.5499904155731201,1.9494026899337769,0.0005
soh,mission_phase_transformer,VAH25,17,0.0038721864973488436,1.407683253288269,1.7629097700119019,0.0005
soh,mission_phase_transformer,VAH25,18,0.003854231258208557,1.3614060878753662,1.724252700805664,0.0005
soh,mission_phase_transformer,VAH25,19,0.0038014995740564697,1.4476629495620728,1.780955195426941,0.0005
soh,mission_phase_transformer,VAH25,20,0.003763026726483699,1.2757151126861572,1.6021407842636108,0.0005
soh,mission_phase_transformer,VAH25,21,0.003757848109232091,1.4597176313400269,1.7864315509796143,0.0005
soh,mission_phase_transformer,VAH25,22,0.0036991456885954073,1.413284182548523,1.7076433897018433,0.0005
soh,mission_phase_transformer,VAH25,23,0.0037381542897920463,1.5039823055267334,1.8516442775726318,0.0005
soh,mission_phase_transformer,VAH25,24,0.003705061865708288,1.5121604204177856,1.8568780422210693,0.00025
soh,mission_phase_transformer,VAH25,25,0.003313329617006937,1.4761073589324951,1.8014270067214966,0.00025
soh,mission_phase_transformer,VAH25,26,0.0034211709292891208,1.443291425704956,1.7824915647506714,0.00025
soh,mission_phase_transformer,VAH25,27,0.0033804699904526813,1.4327294826507568,1.7767242193222046,0.00025
soh,mission_phase_transformer,VAH25,28,0.0033676959288165714,1.3696677684783936,1.6617259979248047,0.000125
soh,mission_phase_transformer,VAH26,1,0.019567262193244984,1.471656084060669,2.393496036529541,0.002
soh,mission_phase_transformer,VAH26,2,0.008155800707849147,1.760970115661621,2.31587290763855,0.002
soh,mission_phase_transformer,VAH26,3,0.006941425301360948,1.1084448099136353,1.8507016897201538,0.002
soh,mission_phase_transformer,VAH26,4,0.006920837611250214,1.636138677597046,2.059004783630371,0.002
soh,mission_phase_transformer,VAH26,5,0.0054645402527720675,1.3924837112426758,1.8812791109085083,0.002
soh,mission_phase_transformer,VAH26,6,0.005562484983442192,1.6985350847244263,2.218543529510498,0.002
soh,mission_phase_transformer,VAH26,7,0.004845764665612653,1.3696210384368896,1.7803845405578613,0.001
soh,mission_phase_transformer,VAH26,8,0.004226737229175602,1.5618544816970825,2.0396108627319336,0.001
soh,mission_phase_transformer,VAH26,9,0.003908765723012722,1.6615486145019531,2.123182773590088,0.001
soh,mission_phase_transformer,VAH26,10,0.004003702004518404,1.5795929431915283,2.0448246002197266,0.001
soh,mission_phase_transformer,VAH26,11,0.0038583514718426716,1.8156369924545288,2.3223676681518555,0.0005
soh,mission_phase_transformer,VAH27,1,0.019014663201647186,2.179373264312744,2.6435132026672363,0.002
soh,mission_phase_transformer,VAH27,2,0.00838840988188517,1.9953484535217285,2.4059791564941406,0.002
soh,mission_phase_transformer,VAH27,3,0.005935400591174141,1.7377010583877563,2.1606452465057373,0.002
soh,mission_phase_transformer,VAH27,4,0.006346587983137982,1.970273733139038,3.1756479740142822,0.002
soh,mission_phase_transformer,VAH27,5,0.006130296812922655,2.3006343841552734,3.0598056316375732,0.002
soh,mission_phase_transformer,VAH27,6,0.005772384527154685,2.227452516555786,2.9262397289276123,0.002
soh,mission_phase_transformer,VAH27,7,0.005333936529765114,2.2472615242004395,2.9641036987304688,0.001
soh,mission_phase_transformer,VAH27,8,0.004492532263361845,1.9568288326263428,2.556360960006714,0.001
soh,mission_phase_transformer,VAH27,9,0.004423906335560821,2.1862592697143555,2.70863938331604,0.001
soh,mission_phase_transformer,VAH27,10,0.00450351155735788,2.1045875549316406,2.5418739318847656,0.001
soh,mission_phase_transformer,VAH27,11,0.004043697094319303,1.9620516300201416,2.298898220062256,0.0005
soh,mission_phase_transformer,VAH28,1,0.019223857554768558,1.1568039655685425,1.722217082977295,0.002
soh,mission_phase_transformer,VAH28,2,0.008096902100330584,1.008705496788025,1.2080891132354736,0.002
soh,mission_phase_transformer,VAH28,3,0.0062925212218293124,1.3215231895446777,1.8117748498916626,0.002
soh,mission_phase_transformer,VAH28,4,0.005961750181916269,1.006293773651123,1.1824865341186523,0.002
soh,mission_phase_transformer,VAH28,5,0.005696095133538716,0.9262412786483765,1.1483728885650635,0.002
soh,mission_phase_transformer,VAH28,6,0.005735976316665148,1.1758618354797363,1.3131215572357178,0.002
soh,mission_phase_transformer,VAH28,7,0.005484132614146903,1.2127057313919067,1.5187913179397583,0.002
soh,mission_phase_transformer,VAH28,8,0.004880749270443943,1.2447731494903564,1.517772912979126,0.002
soh,mission_phase_transformer,VAH28,9,0.004917900623100062,1.0944719314575195,1.3640905618667603,0.001
soh,mission_phase_transformer,VAH28,10,0.004362155893241441,1.1163192987442017,1.3496538400650024,0.001
soh,mission_phase_transformer,VAH28,11,0.004229848693549922,0.9987337589263916,1.2650166749954224,0.001
soh,mission_phase_transformer,VAH28,12,0.00396448257605283,0.9624940752983093,1.1769745349884033,0.001
soh,mission_phase_transformer,VAH28,13,0.004029345494726009,1.0735514163970947,1.2727612257003784,0.0005
soh,mission_phase_transformer,VAH30,1,0.020340778369318933,1.0449109077453613,1.385810375213623,0.002
soh,mission_phase_transformer,VAH30,2,0.007403879345518252,1.5510505437850952,1.9441964626312256,0.002
soh,mission_phase_transformer,VAH30,3,0.006696552465314354,1.6534816026687622,1.9829517602920532,0.002
soh,mission_phase_transformer,VAH30,4,0.005874133486652342,1.5511233806610107,1.8509070873260498,0.002
soh,mission_phase_transformer,VAH30,5,0.0052160894139587025,1.3382047414779663,1.65019690990448,0.001
soh,mission_phase_transformer,VAH30,6,0.003915618121223945,1.1162370443344116,1.3976969718933105,0.001
soh,mission_phase_transformer,VAH30,7,0.004036619752217415,1.4817246198654175,1.821966528892517,0.001
soh,mission_phase_transformer,VAH30,8,0.004090513759477398,1.413517713546753,1.75030517578125,0.001
soh,mission_phase_transformer,VAH30,9,0.004021723758207606,1.032850742340088,1.2706565856933594,0.001
soh,mission_phase_transformer,VAH30,10,0.0039395410631224,1.2436213493347168,1.5381147861480713,0.001
soh,mission_phase_transformer,VAH30,11,0.003939896989193338,1.3459292650222778,1.6731302738189697,0.001
soh,mission_phase_transformer,VAH30,12,0.00397227782782845,1.4118258953094482,1.770148515701294,0.001
soh,mission_phase_transformer,VAH30,13,0.0038610164397147708,1.1803091764450073,1.4806615114212036,0.0005
soh,mission_phase_transformer,VAH30,14,0.003342341480995802,1.2191663980484009,1.5438536405563354,0.0005
soh,mission_phase_transformer,VAH30,15,0.0034221687784772646,1.3087103366851807,1.7260639667510986,0.0005
soh,mission_phase_transformer,VAH30,16,0.0033787454681651905,1.1840749979019165,1.487378716468811,0.0005
soh,mission_phase_transformer,VAH30,17,0.003486294321978284,1.1964612007141113,1.5185004472732544,0.00025
