,file,Ns,phase_label
0,VAH01.csv,0,charge_CV
1,VAH01.csv,1,charge_CV
2,VAH01.csv,2,rest
3,VAH01.csv,3,discharge_landing_like
4,VAH01.csv,4,discharge_cruise_like
5,VAH01.csv,5,discharge_cruise_like
6,VAH01.csv,6,discharge_takeoff_like
7,VAH01.csv,7,charge_other
8,VAH01.csv,8,rest
9,VAH01.csv,9,rest
10,VAH17.csv,0,charge_CC
11,VAH17.csv,1,charge_CV
12,VAH17.csv,2,rest
13,VAH17.csv,3,discharge_landing_like
14,VAH17.csv,4,discharge_cruise_like
15,VAH17.csv,5,discharge_cruise_like
16,VAH17.csv,6,discharge_takeoff_like
17,VAH17.csv,7,discharge_landing_like
18,VAH17.csv,8,rest
19,VAH17.csv,9,rest
20,VAH27.csv,0,charge_CC
21,VAH27.csv,1,charge_other
22,VAH27.csv,2,rest
23,VAH27.csv,3,discharge_landing_like
24,VAH27.csv,4,discharge_cruise_like
25,VAH27.csv,5,discharge_cruise_like
26,VAH27.csv,6,discharge_takeoff_like
27,VAH27.csv,7,discharge_landing_like
28,VAH27.csv,8,rest
29,VAH27.csv,9,rest
